{
    "rmse": 0.6403088576670546,
    "mae": 0.5162587271534513,
    "r2": 0.3726216416804591
}