{
    "rmse": 0.6438807847020548,
    "mae": 0.5189395975417417,
    "r2": 0.36560252833076023
}